file,line,type,commit,author,date,time,timezone,datetime,depth,length
style.css,1,css,71187ade,Nate Nero,2026-04-10,23:54:36,-07:00,2026-04-10T23:54:36-07:00,0,5
style.css,2,css,611e10c5,Nate Nero,2026-04-17,22:09:41,-07:00,2026-04-17T22:09:41-07:00,1,23
style.css,3,css,71187ade,Nate Nero,2026-04-10,23:54:36,-07:00,2026-04-10T23:54:36-07:00,1,31
style.css,4,css,71187ade,Nate Nero,2026-04-10,23:54:36,-07:00,2026-04-10T23:54:36-07:00,1,39
style.css,5,css,71187ade,Nate Nero,2026-04-10,23:54:36,-07:00,2026-04-10T23:54:36-07:00,1,31
style.css,6,css,71187ade,Nate Nero,2026-04-10,23:54:36,-07:00,2026-04-10T23:54:36-07:00,1,31
style.css,7,css,71187ade,Nate Nero,2026-04-10,23:54:36,-07:00,2026-04-10T23:54:36-07:00,1,34
style.css,8,css,71187ade,Nate Nero,2026-04-10,23:54:36,-07:00,2026-04-10T23:54:36-07:00,0,0
style.css,9,css,71187ade,Nate Nero,2026-04-10,23:54:36,-07:00,2026-04-10T23:54:36-07:00,0,0
style.css,10,css,73b52976,Nate Nero,2026-04-03,22:58:14,-07:00,2026-04-03T22:58:14-07:00,0,4
style.css,11,css,73b52976,Nate Nero,2026-04-03,22:58:14,-07:00,2026-04-03T22:58:14-07:00,1,23
style.css,12,css,71187ade,Nate Nero,2026-04-10,23:54:36,-07:00,2026-04-10T23:54:36-07:00,1,23
style.css,13,css,71187ade,Nate Nero,2026-04-10,23:54:36,-07:00,2026-04-10T23:54:36-07:00,1,15
style.css,14,css,71187ade,Nate Nero,2026-04-10,23:54:36,-07:00,2026-04-10T23:54:36-07:00,1,18
style.css,15,css,71187ade,Nate Nero,2026-04-10,23:54:36,-07:00,2026-04-10T23:54:36-07:00,1,12
style.css,16,css,73b52976,Nate Nero,2026-04-03,22:58:14,-07:00,2026-04-03T22:58:14-07:00,0,0
style.css,17,css,73b52976,Nate Nero,2026-04-03,22:58:14,-07:00,2026-04-03T22:58:14-07:00,0,0
style.css,18,css,73b52976,Nate Nero,2026-04-03,22:58:14,-07:00,2026-04-03T22:58:14-07:00,0,3
style.css,19,css,71187ade,Nate Nero,2026-04-10,23:54:36,-07:00,2026-04-10T23:54:36-07:00,1,12
style.css,20,css,73b52976,Nate Nero,2026-04-03,22:58:14,-07:00,2026-04-03T22:58:14-07:00,1,18
style.css,21,css,611e10c5,Nate Nero,2026-04-17,22:09:41,-07:00,2026-04-17T22:09:41-07:00,1,39
style.css,22,css,611e10c5,Nate Nero,2026-04-17,22:09:41,-07:00,2026-04-17T22:09:41-07:00,1,43
style.css,23,css,73b52976,Nate Nero,2026-04-03,22:58:14,-07:00,2026-04-03T22:58:14-07:00,0,0
style.css,24,css,73b52976,Nate Nero,2026-04-03,22:58:14,-07:00,2026-04-03T22:58:14-07:00,0,0
style.css,25,css,73b52976,Nate Nero,2026-04-03,22:58:14,-07:00,2026-04-03T22:58:14-07:00,0,5
style.css,26,css,71187ade,Nate Nero,2026-04-10,23:54:36,-07:00,2026-04-10T23:54:36-07:00,1,6
style.css,27,css,71187ade,Nate Nero,2026-04-10,23:54:36,-07:00,2026-04-10T23:54:36-07:00,1,13
style.css,28,css,71187ade,Nate Nero,2026-04-10,23:54:36,-07:00,2026-04-10T23:54:36-07:00,1,17
style.css,29,css,71187ade,Nate Nero,2026-04-10,23:54:36,-07:00,2026-04-10T23:54:36-07:00,1,20
style.css,30,css,71187ade,Nate Nero,2026-04-10,23:54:36,-07:00,2026-04-10T23:54:36-07:00,1,13
style.css,31,css,71187ade,Nate Nero,2026-04-10,23:54:36,-07:00,2026-04-10T23:54:36-07:00,0,0
style.css,32,css,71187ade,Nate Nero,2026-04-10,23:54:36,-07:00,2026-04-10T23:54:36-07:00,0,0
style.css,33,css,71187ade,Nate Nero,2026-04-10,23:54:36,-07:00,2026-04-10T23:54:36-07:00,0,11
style.css,34,css,71187ade,Nate Nero,2026-04-10,23:54:36,-07:00,2026-04-10T23:54:36-07:00,1,25
style.css,35,css,611e10c5,Nate Nero,2026-04-17,22:09:41,-07:00,2026-04-17T22:09:41-07:00,1,69
style.css,36,css,71187ade,Nate Nero,2026-04-10,23:54:36,-07:00,2026-04-10T23:54:36-07:00,0,0
style.css,37,css,71187ade,Nate Nero,2026-04-10,23:54:36,-07:00,2026-04-10T23:54:36-07:00,0,0
style.css,38,css,71187ade,Nate Nero,2026-04-10,23:54:36,-07:00,2026-04-10T23:54:36-07:00,0,13
style.css,39,css,611e10c5,Nate Nero,2026-04-17,22:09:41,-07:00,2026-04-17T22:09:41-07:00,1,45
style.css,40,css,71187ade,Nate Nero,2026-04-10,23:54:36,-07:00,2026-04-10T23:54:36-07:00,1,20
style.css,41,css,71187ade,Nate Nero,2026-04-10,23:54:36,-07:00,2026-04-10T23:54:36-07:00,1,15
style.css,42,css,71187ade,Nate Nero,2026-04-10,23:54:36,-07:00,2026-04-10T23:54:36-07:00,0,0
style.css,43,css,71187ade,Nate Nero,2026-04-10,23:54:36,-07:00,2026-04-10T23:54:36-07:00,0,0
style.css,44,css,71187ade,Nate Nero,2026-04-10,23:54:36,-07:00,2026-04-10T23:54:36-07:00,0,1
style.css,45,css,71187ade,Nate Nero,2026-04-10,23:54:36,-07:00,2026-04-10T23:54:36-07:00,0,1
style.css,46,css,71187ade,Nate Nero,2026-04-10,23:54:36,-07:00,2026-04-10T23:54:36-07:00,0,1
style.css,47,css,71187ade,Nate Nero,2026-04-10,23:54:36,-07:00,2026-04-10T23:54:36-07:00,0,1
style.css,48,css,71187ade,Nate Nero,2026-04-10,23:54:36,-07:00,2026-04-10T23:54:36-07:00,0,1
style.css,49,css,71187ade,Nate Nero,2026-04-10,23:54:36,-07:00,2026-04-10T23:54:36-07:00,0,2
style.css,50,css,71187ade,Nate Nero,2026-04-10,23:54:36,-07:00,2026-04-10T23:54:36-07:00,1,15
style.css,51,css,71187ade,Nate Nero,2026-04-10,23:54:36,-07:00,2026-04-10T23:54:36-07:00,1,17
style.css,52,css,71187ade,Nate Nero,2026-04-10,23:54:36,-07:00,2026-04-10T23:54:36-07:00,0,0
style.css,53,css,71187ade,Nate Nero,2026-04-10,23:54:36,-07:00,2026-04-10T23:54:36-07:00,0,0
style.css,54,css,71187ade,Nate Nero,2026-04-10,23:54:36,-07:00,2026-04-10T23:54:36-07:00,0,2
style.css,55,css,71187ade,Nate Nero,2026-04-10,23:54:36,-07:00,2026-04-10T23:54:36-07:00,1,16
style.css,56,css,71187ade,Nate Nero,2026-04-10,23:54:36,-07:00,2026-04-10T23:54:36-07:00,1,20
style.css,57,css,71187ade,Nate Nero,2026-04-10,23:54:36,-07:00,2026-04-10T23:54:36-07:00,0,0
style.css,58,css,71187ade,Nate Nero,2026-04-10,23:54:36,-07:00,2026-04-10T23:54:36-07:00,0,0
style.css,59,css,71187ade,Nate Nero,2026-04-10,23:54:36,-07:00,2026-04-10T23:54:36-07:00,0,2
style.css,60,css,71187ade,Nate Nero,2026-04-10,23:54:36,-07:00,2026-04-10T23:54:36-07:00,1,16
style.css,61,css,71187ade,Nate Nero,2026-04-10,23:54:36,-07:00,2026-04-10T23:54:36-07:00,1,20
style.css,62,css,73b52976,Nate Nero,2026-04-03,22:58:14,-07:00,2026-04-03T22:58:14-07:00,0,0
style.css,63,css,73b52976,Nate Nero,2026-04-03,22:58:14,-07:00,2026-04-03T22:58:14-07:00,0,0
style.css,64,css,73b52976,Nate Nero,2026-04-03,22:58:14,-07:00,2026-04-03T22:58:14-07:00,0,3
style.css,65,css,71187ade,Nate Nero,2026-04-10,23:54:36,-07:00,2026-04-10T23:54:36-07:00,1,14
style.css,66,css,71187ade,Nate Nero,2026-04-10,23:54:36,-07:00,2026-04-10T23:54:36-07:00,1,11
style.css,67,css,73b52976,Nate Nero,2026-04-03,22:58:14,-07:00,2026-04-03T22:58:14-07:00,1,13
style.css,68,css,71187ade,Nate Nero,2026-04-10,23:54:36,-07:00,2026-04-10T23:54:36-07:00,0,0
style.css,69,css,71187ade,Nate Nero,2026-04-10,23:54:36,-07:00,2026-04-10T23:54:36-07:00,0,0
style.css,70,css,71187ade,Nate Nero,2026-04-10,23:54:36,-07:00,2026-04-10T23:54:36-07:00,0,4
style.css,71,css,71187ade,Nate Nero,2026-04-10,23:54:36,-07:00,2026-04-10T23:54:36-07:00,1,12
style.css,72,css,71187ade,Nate Nero,2026-04-10,23:54:36,-07:00,2026-04-10T23:54:36-07:00,1,30
style.css,73,css,71187ade,Nate Nero,2026-04-10,23:54:36,-07:00,2026-04-10T23:54:36-07:00,1,8
style.css,74,css,71187ade,Nate Nero,2026-04-10,23:54:36,-07:00,2026-04-10T23:54:36-07:00,1,17
style.css,75,css,73b52976,Nate Nero,2026-04-03,22:58:14,-07:00,2026-04-03T22:58:14-07:00,0,0
style.css,76,css,73b52976,Nate Nero,2026-04-03,22:58:14,-07:00,2026-04-03T22:58:14-07:00,0,0
style.css,77,css,73b52976,Nate Nero,2026-04-03,22:58:14,-07:00,2026-04-03T22:58:14-07:00,0,10
style.css,78,css,71187ade,Nate Nero,2026-04-10,23:54:36,-07:00,2026-04-10T23:54:36-07:00,1,12
style.css,79,css,71187ade,Nate Nero,2026-04-10,23:54:36,-07:00,2026-04-10T23:54:36-07:00,1,29
style.css,80,css,71187ade,Nate Nero,2026-04-10,23:54:36,-07:00,2026-04-10T23:54:36-07:00,1,18
style.css,81,css,71187ade,Nate Nero,2026-04-10,23:54:36,-07:00,2026-04-10T23:54:36-07:00,1,18
style.css,82,css,71187ade,Nate Nero,2026-04-10,23:54:36,-07:00,2026-04-10T23:54:36-07:00,1,8
style.css,83,css,71187ade,Nate Nero,2026-04-10,23:54:36,-07:00,2026-04-10T23:54:36-07:00,0,0
style.css,84,css,71187ade,Nate Nero,2026-04-10,23:54:36,-07:00,2026-04-10T23:54:36-07:00,0,0
style.css,85,css,71187ade,Nate Nero,2026-04-10,23:54:36,-07:00,2026-04-10T23:54:36-07:00,0,11
style.css,86,css,71187ade,Nate Nero,2026-04-10,23:54:36,-07:00,2026-04-10T23:54:36-07:00,1,18
style.css,87,css,73b52976,Nate Nero,2026-04-03,22:58:14,-07:00,2026-04-03T22:58:14-07:00,0,0
style.css,88,css,73b52976,Nate Nero,2026-04-03,22:58:14,-07:00,2026-04-03T22:58:14-07:00,0,0
style.css,89,css,73b52976,Nate Nero,2026-04-03,22:58:14,-07:00,2026-04-03T22:58:14-07:00,0,4
style.css,90,css,73b52976,Nate Nero,2026-04-03,22:58:14,-07:00,2026-04-03T22:58:14-07:00,0,7
style.css,91,css,611e10c5,Nate Nero,2026-04-17,22:09:41,-07:00,2026-04-17T22:09:41-07:00,0,5
style.css,92,css,73b52976,Nate Nero,2026-04-03,22:58:14,-07:00,2026-04-03T22:58:14-07:00,0,6
style.css,93,css,73b52976,Nate Nero,2026-04-03,22:58:14,-07:00,2026-04-03T22:58:14-07:00,1,12
style.css,94,css,73b52976,Nate Nero,2026-04-03,22:58:14,-07:00,2026-04-03T22:58:14-07:00,0,0
style.css,95,css,73b52976,Nate Nero,2026-04-03,22:58:14,-07:00,2026-04-03T22:58:14-07:00,0,0
style.css,96,css,71187ade,Nate Nero,2026-04-10,23:54:36,-07:00,2026-04-10T23:54:36-07:00,0,4
style.css,97,css,71187ade,Nate Nero,2026-04-10,23:54:36,-07:00,2026-04-10T23:54:36-07:00,0,7
style.css,98,css,611e10c5,Nate Nero,2026-04-17,22:09:41,-07:00,2026-04-17T22:09:41-07:00,0,5
style.css,99,css,71187ade,Nate Nero,2026-04-10,23:54:36,-07:00,2026-04-10T23:54:36-07:00,0,6
style.css,100,css,71187ade,Nate Nero,2026-04-10,23:54:36,-07:00,2026-04-10T23:54:36-07:00,1,21
style.css,101,css,71187ade,Nate Nero,2026-04-10,23:54:36,-07:00,2026-04-10T23:54:36-07:00,1,10
style.css,102,css,71187ade,Nate Nero,2026-04-10,23:54:36,-07:00,2026-04-10T23:54:36-07:00,0,0
style.css,103,css,71187ade,Nate Nero,2026-04-10,23:54:36,-07:00,2026-04-10T23:54:36-07:00,0,0
style.css,104,css,611e10c5,Nate Nero,2026-04-17,22:09:41,-07:00,2026-04-17T22:09:41-07:00,0,13
style.css,105,css,611e10c5,Nate Nero,2026-04-17,22:09:41,-07:00,2026-04-17T22:09:41-07:00,1,17
style.css,106,css,611e10c5,Nate Nero,2026-04-17,22:09:41,-07:00,2026-04-17T22:09:41-07:00,1,8
style.css,107,css,611e10c5,Nate Nero,2026-04-17,22:09:41,-07:00,2026-04-17T22:09:41-07:00,1,10
style.css,108,css,611e10c5,Nate Nero,2026-04-17,22:09:41,-07:00,2026-04-17T22:09:41-07:00,1,13
style.css,109,css,611e10c5,Nate Nero,2026-04-17,22:09:41,-07:00,2026-04-17T22:09:41-07:00,0,0
style.css,110,css,611e10c5,Nate Nero,2026-04-17,22:09:41,-07:00,2026-04-17T22:09:41-07:00,0,0
style.css,111,css,73b52976,Nate Nero,2026-04-03,22:58:14,-07:00,2026-04-03T22:58:14-07:00,0,8
style.css,112,css,73b52976,Nate Nero,2026-04-03,22:58:14,-07:00,2026-04-03T22:58:14-07:00,1,15
style.css,113,css,71187ade,Nate Nero,2026-04-10,23:54:36,-07:00,2026-04-10T23:54:36-07:00,1,15
style.css,114,css,71187ade,Nate Nero,2026-04-10,23:54:36,-07:00,2026-04-10T23:54:36-07:00,0,0
style.css,115,css,71187ade,Nate Nero,2026-04-10,23:54:36,-07:00,2026-04-10T23:54:36-07:00,0,0
style.css,116,css,71187ade,Nate Nero,2026-04-10,23:54:36,-07:00,2026-04-10T23:54:36-07:00,0,6
style.css,117,css,71187ade,Nate Nero,2026-04-10,23:54:36,-07:00,2026-04-10T23:54:36-07:00,1,22
style.css,118,css,71187ade,Nate Nero,2026-04-10,23:54:36,-07:00,2026-04-10T23:54:36-07:00,0,0
style.css,119,css,71187ade,Nate Nero,2026-04-10,23:54:36,-07:00,2026-04-10T23:54:36-07:00,0,0
style.css,120,css,71187ade,Nate Nero,2026-04-10,23:54:36,-07:00,2026-04-10T23:54:36-07:00,0,9
style.css,121,css,71187ade,Nate Nero,2026-04-10,23:54:36,-07:00,2026-04-10T23:54:36-07:00,1,12
style.css,122,css,71187ade,Nate Nero,2026-04-10,23:54:36,-07:00,2026-04-10T23:54:36-07:00,1,58
style.css,123,css,71187ade,Nate Nero,2026-04-10,23:54:36,-07:00,2026-04-10T23:54:36-07:00,1,8
style.css,124,css,71187ade,Nate Nero,2026-04-10,23:54:36,-07:00,2026-04-10T23:54:36-07:00,1,15
style.css,125,css,71187ade,Nate Nero,2026-04-10,23:54:36,-07:00,2026-04-10T23:54:36-07:00,0,0
style.css,126,css,71187ade,Nate Nero,2026-04-10,23:54:36,-07:00,2026-04-10T23:54:36-07:00,0,0
style.css,127,css,71187ade,Nate Nero,2026-04-10,23:54:36,-07:00,2026-04-10T23:54:36-07:00,0,17
style.css,128,css,71187ade,Nate Nero,2026-04-10,23:54:36,-07:00,2026-04-10T23:54:36-07:00,1,12
style.css,129,css,71187ade,Nate Nero,2026-04-10,23:54:36,-07:00,2026-04-10T23:54:36-07:00,1,26
style.css,130,css,71187ade,Nate Nero,2026-04-10,23:54:36,-07:00,2026-04-10T23:54:36-07:00,1,15
style.css,131,css,71187ade,Nate Nero,2026-04-10,23:54:36,-07:00,2026-04-10T23:54:36-07:00,1,11
style.css,132,css,71187ade,Nate Nero,2026-04-10,23:54:36,-07:00,2026-04-10T23:54:36-07:00,1,12
style.css,133,css,71187ade,Nate Nero,2026-04-10,23:54:36,-07:00,2026-04-10T23:54:36-07:00,1,31
style.css,134,css,71187ade,Nate Nero,2026-04-10,23:54:36,-07:00,2026-04-10T23:54:36-07:00,1,36
style.css,135,css,71187ade,Nate Nero,2026-04-10,23:54:36,-07:00,2026-04-10T23:54:36-07:00,0,0
style.css,136,css,71187ade,Nate Nero,2026-04-10,23:54:36,-07:00,2026-04-10T23:54:36-07:00,0,0
style.css,137,css,71187ade,Nate Nero,2026-04-10,23:54:36,-07:00,2026-04-10T23:54:36-07:00,0,21
style.css,138,css,71187ade,Nate Nero,2026-04-10,23:54:36,-07:00,2026-04-10T23:54:36-07:00,1,10
style.css,139,css,71187ade,Nate Nero,2026-04-10,23:54:36,-07:00,2026-04-10T23:54:36-07:00,1,18
style.css,140,css,71187ade,Nate Nero,2026-04-10,23:54:36,-07:00,2026-04-10T23:54:36-07:00,1,16
style.css,141,css,71187ade,Nate Nero,2026-04-10,23:54:36,-07:00,2026-04-10T23:54:36-07:00,0,0
style.css,142,css,71187ade,Nate Nero,2026-04-10,23:54:36,-07:00,2026-04-10T23:54:36-07:00,0,0
style.css,143,css,0688bc7b,Nate Nero,2026-05-01,23:25:11,-07:00,2026-05-01T23:25:11-07:00,0,10
style.css,144,css,0688bc7b,Nate Nero,2026-05-01,23:25:11,-07:00,2026-05-01T23:25:11-07:00,1,12
style.css,145,css,0688bc7b,Nate Nero,2026-05-01,23:25:11,-07:00,2026-05-01T23:25:11-07:00,1,18
style.css,146,css,0688bc7b,Nate Nero,2026-05-01,23:25:11,-07:00,2026-05-01T23:25:11-07:00,1,8
style.css,147,css,0688bc7b,Nate Nero,2026-05-01,23:25:11,-07:00,2026-05-01T23:25:11-07:00,0,0
style.css,148,css,0688bc7b,Nate Nero,2026-05-01,23:25:11,-07:00,2026-05-01T23:25:11-07:00,0,0
style.css,149,css,0688bc7b,Nate Nero,2026-05-01,23:25:11,-07:00,2026-05-01T23:25:11-07:00,0,18
style.css,150,css,0688bc7b,Nate Nero,2026-05-01,23:25:11,-07:00,2026-05-01T23:25:11-07:00,1,14
style.css,151,css,0688bc7b,Nate Nero,2026-05-01,23:25:11,-07:00,2026-05-01T23:25:11-07:00,1,16
style.css,152,css,0688bc7b,Nate Nero,2026-05-01,23:25:11,-07:00,2026-05-01T23:25:11-07:00,1,16
style.css,153,css,0688bc7b,Nate Nero,2026-05-01,23:25:11,-07:00,2026-05-01T23:25:11-07:00,0,0
style.css,154,css,0688bc7b,Nate Nero,2026-05-01,23:25:11,-07:00,2026-05-01T23:25:11-07:00,0,0
style.css,155,css,0688bc7b,Nate Nero,2026-05-01,23:25:11,-07:00,2026-05-01T23:25:11-07:00,0,7
style.css,156,css,0688bc7b,Nate Nero,2026-05-01,23:25:11,-07:00,2026-05-01T23:25:11-07:00,1,12
style.css,157,css,0688bc7b,Nate Nero,2026-05-01,23:25:11,-07:00,2026-05-01T23:25:11-07:00,1,57
style.css,158,css,0688bc7b,Nate Nero,2026-05-01,23:25:11,-07:00,2026-05-01T23:25:11-07:00,1,6
style.css,159,css,0688bc7b,Nate Nero,2026-05-01,23:25:11,-07:00,2026-05-01T23:25:11-07:00,1,15
style.css,160,css,0688bc7b,Nate Nero,2026-05-01,23:25:11,-07:00,2026-05-01T23:25:11-07:00,1,11
style.css,161,css,0688bc7b,Nate Nero,2026-05-01,23:25:11,-07:00,2026-05-01T23:25:11-07:00,1,8
style.css,162,css,0688bc7b,Nate Nero,2026-05-01,23:25:11,-07:00,2026-05-01T23:25:11-07:00,1,36
style.css,163,css,0688bc7b,Nate Nero,2026-05-01,23:25:11,-07:00,2026-05-01T23:25:11-07:00,1,9
style.css,164,css,0688bc7b,Nate Nero,2026-05-01,23:25:11,-07:00,2026-05-01T23:25:11-07:00,0,0
style.css,165,css,0688bc7b,Nate Nero,2026-05-01,23:25:11,-07:00,2026-05-01T23:25:11-07:00,0,0
style.css,166,css,0688bc7b,Nate Nero,2026-05-01,23:25:11,-07:00,2026-05-01T23:25:11-07:00,0,12
style.css,167,css,0688bc7b,Nate Nero,2026-05-01,23:25:11,-07:00,2026-05-01T23:25:11-07:00,1,12
style.css,168,css,0688bc7b,Nate Nero,2026-05-01,23:25:11,-07:00,2026-05-01T23:25:11-07:00,1,18
style.css,169,css,0688bc7b,Nate Nero,2026-05-01,23:25:11,-07:00,2026-05-01T23:25:11-07:00,1,9
style.css,170,css,0688bc7b,Nate Nero,2026-05-01,23:25:11,-07:00,2026-05-01T23:25:11-07:00,0,0
style.css,171,css,0688bc7b,Nate Nero,2026-05-01,23:25:11,-07:00,2026-05-01T23:25:11-07:00,0,0
style.css,172,css,0688bc7b,Nate Nero,2026-05-01,23:25:11,-07:00,2026-05-01T23:25:11-07:00,0,7
style.css,173,css,0688bc7b,Nate Nero,2026-05-01,23:25:11,-07:00,2026-05-01T23:25:11-07:00,1,20
style.css,174,css,0688bc7b,Nate Nero,2026-05-01,23:25:11,-07:00,2026-05-01T23:25:11-07:00,1,9
style.css,175,css,0688bc7b,Nate Nero,2026-05-01,23:25:11,-07:00,2026-05-01T23:25:11-07:00,1,18
style.css,176,css,0688bc7b,Nate Nero,2026-05-01,23:25:11,-07:00,2026-05-01T23:25:11-07:00,1,29
style.css,177,css,0688bc7b,Nate Nero,2026-05-01,23:25:11,-07:00,2026-05-01T23:25:11-07:00,1,17
style.css,178,css,0688bc7b,Nate Nero,2026-05-01,23:25:11,-07:00,2026-05-01T23:25:11-07:00,1,13
style.css,179,css,0688bc7b,Nate Nero,2026-05-01,23:25:11,-07:00,2026-05-01T23:25:11-07:00,0,0
style.css,180,css,0688bc7b,Nate Nero,2026-05-01,23:25:11,-07:00,2026-05-01T23:25:11-07:00,0,0
style.css,181,css,0688bc7b,Nate Nero,2026-05-01,23:25:11,-07:00,2026-05-01T23:25:11-07:00,0,36
style.css,182,css,0688bc7b,Nate Nero,2026-05-01,23:25:11,-07:00,2026-05-01T23:25:11-07:00,1,11
style.css,183,css,0688bc7b,Nate Nero,2026-05-01,23:25:11,-07:00,2026-05-01T23:25:11-07:00,0,0
style.css,184,css,0688bc7b,Nate Nero,2026-05-01,23:25:11,-07:00,2026-05-01T23:25:11-07:00,0,0
style.css,185,css,0688bc7b,Nate Nero,2026-05-01,23:25:11,-07:00,2026-05-01T23:25:11-07:00,0,4
style.css,186,css,0688bc7b,Nate Nero,2026-05-01,23:25:11,-07:00,2026-05-01T23:25:11-07:00,1,16
style.css,187,css,0688bc7b,Nate Nero,2026-05-01,23:25:11,-07:00,2026-05-01T23:25:11-07:00,1,14
style.css,188,css,0688bc7b,Nate Nero,2026-05-01,23:25:11,-07:00,2026-05-01T23:25:11-07:00,0,0
style.css,189,css,0688bc7b,Nate Nero,2026-05-01,23:25:11,-07:00,2026-05-01T23:25:11-07:00,0,0
style.css,190,css,0688bc7b,Nate Nero,2026-05-01,23:25:11,-07:00,2026-05-01T23:25:11-07:00,0,9
style.css,191,css,0688bc7b,Nate Nero,2026-05-01,23:25:11,-07:00,2026-05-01T23:25:11-07:00,1,35
style.css,192,css,0688bc7b,Nate Nero,2026-05-01,23:25:11,-07:00,2026-05-01T23:25:11-07:00,0,0
style.css,193,css,0688bc7b,Nate Nero,2026-05-01,23:25:11,-07:00,2026-05-01T23:25:11-07:00,1,10
style.css,194,css,0688bc7b,Nate Nero,2026-05-01,23:25:11,-07:00,2026-05-01T23:25:11-07:00,2,17
style.css,195,css,0688bc7b,Nate Nero,2026-05-01,23:25:11,-07:00,2026-05-01T23:25:11-07:00,1,0
style.css,196,css,0688bc7b,Nate Nero,2026-05-01,23:25:11,-07:00,2026-05-01T23:25:11-07:00,0,0
style.css,197,css,0688bc7b,Nate Nero,2026-05-01,23:25:11,-07:00,2026-05-01T23:25:11-07:00,0,0
style.css,198,css,0688bc7b,Nate Nero,2026-05-01,23:25:11,-07:00,2026-05-01T23:25:11-07:00,0,13
style.css,199,css,0688bc7b,Nate Nero,2026-05-01,23:25:11,-07:00,2026-05-01T23:25:11-07:00,1,30
style.css,200,css,0688bc7b,Nate Nero,2026-05-01,23:25:11,-07:00,2026-05-01T23:25:11-07:00,1,34
style.css,201,css,0688bc7b,Nate Nero,2026-05-01,23:25:11,-07:00,2026-05-01T23:25:11-07:00,1,24
style.css,202,css,0688bc7b,Nate Nero,2026-05-01,23:25:11,-07:00,2026-05-01T23:25:11-07:00,1,17
style.css,203,css,0688bc7b,Nate Nero,2026-05-01,23:25:11,-07:00,2026-05-01T23:25:11-07:00,1,17
style.css,204,css,0688bc7b,Nate Nero,2026-05-01,23:25:11,-07:00,2026-05-01T23:25:11-07:00,0,0
style.css,205,css,0688bc7b,Nate Nero,2026-05-01,23:25:11,-07:00,2026-05-01T23:25:11-07:00,0,0
style.css,206,css,0688bc7b,Nate Nero,2026-05-01,23:25:11,-07:00,2026-05-01T23:25:11-07:00,0,21
style.css,207,css,0688bc7b,Nate Nero,2026-05-01,23:25:11,-07:00,2026-05-01T23:25:11-07:00,1,13
style.css,208,css,0688bc7b,Nate Nero,2026-05-01,23:25:11,-07:00,2026-05-01T23:25:11-07:00,0,0
style.css,209,css,0688bc7b,Nate Nero,2026-05-01,23:25:11,-07:00,2026-05-01T23:25:11-07:00,0,0
style.css,210,css,ed6d4653,Nate Nero,2026-04-24,18:36:53,-07:00,2026-04-24T18:36:53-07:00,0,17
style.css,211,css,ed6d4653,Nate Nero,2026-04-24,18:36:53,-07:00,2026-04-24T18:36:53-07:00,1,12
style.css,212,css,ed6d4653,Nate Nero,2026-04-24,18:36:53,-07:00,2026-04-24T18:36:53-07:00,1,36
style.css,213,css,ed6d4653,Nate Nero,2026-04-24,18:36:53,-07:00,2026-04-24T18:36:53-07:00,1,16
style.css,214,css,ed6d4653,Nate Nero,2026-04-24,18:36:53,-07:00,2026-04-24T18:36:53-07:00,0,0
style.css,215,css,ed6d4653,Nate Nero,2026-04-24,18:36:53,-07:00,2026-04-24T18:36:53-07:00,0,0
style.css,216,css,ed6d4653,Nate Nero,2026-04-24,18:36:53,-07:00,2026-04-24T18:36:53-07:00,0,17
style.css,217,css,ed6d4653,Nate Nero,2026-04-24,18:36:53,-07:00,2026-04-24T18:36:53-07:00,1,10
style.css,218,css,ed6d4653,Nate Nero,2026-04-24,18:36:53,-07:00,2026-04-24T18:36:53-07:00,1,17
style.css,219,css,ed6d4653,Nate Nero,2026-04-24,18:36:53,-07:00,2026-04-24T18:36:53-07:00,1,24
style.css,220,css,ed6d4653,Nate Nero,2026-04-24,18:36:53,-07:00,2026-04-24T18:36:53-07:00,1,24
style.css,221,css,ed6d4653,Nate Nero,2026-04-24,18:36:53,-07:00,2026-04-24T18:36:53-07:00,0,0
style.css,222,css,ed6d4653,Nate Nero,2026-04-24,18:36:53,-07:00,2026-04-24T18:36:53-07:00,0,0
style.css,223,css,ed6d4653,Nate Nero,2026-04-24,18:36:53,-07:00,2026-04-24T18:36:53-07:00,0,17
style.css,224,css,ed6d4653,Nate Nero,2026-04-24,18:36:53,-07:00,2026-04-24T18:36:53-07:00,1,10
style.css,225,css,ed6d4653,Nate Nero,2026-04-24,18:36:53,-07:00,2026-04-24T18:36:53-07:00,1,14
style.css,226,css,ed6d4653,Nate Nero,2026-04-24,18:36:53,-07:00,2026-04-24T18:36:53-07:00,1,8
style.css,227,css,ed6d4653,Nate Nero,2026-04-24,18:36:53,-07:00,2026-04-24T18:36:53-07:00,0,0
style.css,228,css,ed6d4653,Nate Nero,2026-04-24,18:36:53,-07:00,2026-04-24T18:36:53-07:00,0,0
style.css,229,css,71187ade,Nate Nero,2026-04-10,23:54:36,-07:00,2026-04-10T23:54:36-07:00,0,12
style.css,230,css,71187ade,Nate Nero,2026-04-10,23:54:36,-07:00,2026-04-10T23:54:36-07:00,1,14
style.css,231,css,71187ade,Nate Nero,2026-04-10,23:54:36,-07:00,2026-04-10T23:54:36-07:00,0,0
style.css,232,css,71187ade,Nate Nero,2026-04-10,23:54:36,-07:00,2026-04-10T23:54:36-07:00,0,0
style.css,233,css,71187ade,Nate Nero,2026-04-10,23:54:36,-07:00,2026-04-10T23:54:36-07:00,0,13
style.css,234,css,71187ade,Nate Nero,2026-04-10,23:54:36,-07:00,2026-04-10T23:54:36-07:00,1,18
style.css,235,css,71187ade,Nate Nero,2026-04-10,23:54:36,-07:00,2026-04-10T23:54:36-07:00,1,24
style.css,236,css,71187ade,Nate Nero,2026-04-10,23:54:36,-07:00,2026-04-10T23:54:36-07:00,0,0
style.css,237,css,71187ade,Nate Nero,2026-04-10,23:54:36,-07:00,2026-04-10T23:54:36-07:00,0,0
style.css,238,css,71187ade,Nate Nero,2026-04-10,23:54:36,-07:00,2026-04-10T23:54:36-07:00,0,15
style.css,239,css,71187ade,Nate Nero,2026-04-10,23:54:36,-07:00,2026-04-10T23:54:36-07:00,1,18
style.css,240,css,71187ade,Nate Nero,2026-04-10,23:54:36,-07:00,2026-04-10T23:54:36-07:00,1,19
style.css,241,css,71187ade,Nate Nero,2026-04-10,23:54:36,-07:00,2026-04-10T23:54:36-07:00,1,43
style.css,242,css,71187ade,Nate Nero,2026-04-10,23:54:36,-07:00,2026-04-10T23:54:36-07:00,0,0
style.css,243,css,71187ade,Nate Nero,2026-04-10,23:54:36,-07:00,2026-04-10T23:54:36-07:00,0,0
style.css,244,css,71187ade,Nate Nero,2026-04-10,23:54:36,-07:00,2026-04-10T23:54:36-07:00,0,30
style.css,245,css,71187ade,Nate Nero,2026-04-10,23:54:36,-07:00,2026-04-10T23:54:36-07:00,1,12
style.css,246,css,71187ade,Nate Nero,2026-04-10,23:54:36,-07:00,2026-04-10T23:54:36-07:00,1,29
style.css,247,css,71187ade,Nate Nero,2026-04-10,23:54:36,-07:00,2026-04-10T23:54:36-07:00,1,20
style.css,248,css,71187ade,Nate Nero,2026-04-10,23:54:36,-07:00,2026-04-10T23:54:36-07:00,1,8
style.css,249,css,71187ade,Nate Nero,2026-04-10,23:54:36,-07:00,2026-04-10T23:54:36-07:00,1,14
style.css,250,css,71187ade,Nate Nero,2026-04-10,23:54:36,-07:00,2026-04-10T23:54:36-07:00,0,0
style.css,251,css,71187ade,Nate Nero,2026-04-10,23:54:36,-07:00,2026-04-10T23:54:36-07:00,0,0
style.css,252,css,71187ade,Nate Nero,2026-04-10,23:54:36,-07:00,2026-04-10T23:54:36-07:00,0,25
style.css,253,css,71187ade,Nate Nero,2026-04-10,23:54:36,-07:00,2026-04-10T23:54:36-07:00,1,17
style.css,254,css,71187ade,Nate Nero,2026-04-10,23:54:36,-07:00,2026-04-10T23:54:36-07:00,0,0
style.css,255,css,71187ade,Nate Nero,2026-04-10,23:54:36,-07:00,2026-04-10T23:54:36-07:00,0,0
style.css,256,css,71187ade,Nate Nero,2026-04-10,23:54:36,-07:00,2026-04-10T23:54:36-07:00,0,18
style.css,257,css,71187ade,Nate Nero,2026-04-10,23:54:36,-07:00,2026-04-10T23:54:36-07:00,1,20
style.css,258,css,71187ade,Nate Nero,2026-04-10,23:54:36,-07:00,2026-04-10T23:54:36-07:00,0,0
style.css,259,css,71187ade,Nate Nero,2026-04-10,23:54:36,-07:00,2026-04-10T23:54:36-07:00,0,0
style.css,260,css,71187ade,Nate Nero,2026-04-10,23:54:36,-07:00,2026-04-10T23:54:36-07:00,0,20
style.css,261,css,71187ade,Nate Nero,2026-04-10,23:54:36,-07:00,2026-04-10T23:54:36-07:00,1,24
style.css,262,css,71187ade,Nate Nero,2026-04-10,23:54:36,-07:00,2026-04-10T23:54:36-07:00,1,15
style.css,263,css,73b52976,Nate Nero,2026-04-03,22:58:14,-07:00,2026-04-03T22:58:14-07:00,0,0
index.js,1,js,ed6d4653,Nate Nero,2026-04-24,18:36:53,-07:00,2026-04-24T18:36:53-07:00,0,71
index.js,2,js,ed6d4653,Nate Nero,2026-04-24,18:36:53,-07:00,2026-04-24T18:36:53-07:00,0,0
index.js,3,js,ed6d4653,Nate Nero,2026-04-24,18:36:53,-07:00,2026-04-24T18:36:53-07:00,0,54
index.js,4,js,ed6d4653,Nate Nero,2026-04-24,18:36:53,-07:00,2026-04-24T18:36:53-07:00,0,42
index.js,5,js,ed6d4653,Nate Nero,2026-04-24,18:36:53,-07:00,2026-04-24T18:36:53-07:00,0,0
index.js,6,js,ed6d4653,Nate Nero,2026-04-24,18:36:53,-07:00,2026-04-24T18:36:53-07:00,0,60
index.js,7,js,ed6d4653,Nate Nero,2026-04-24,18:36:53,-07:00,2026-04-24T18:36:53-07:00,0,54
index.js,8,js,ed6d4653,Nate Nero,2026-04-24,18:36:53,-07:00,2026-04-24T18:36:53-07:00,0,0
index.js,9,js,ed6d4653,Nate Nero,2026-04-24,18:36:53,-07:00,2026-04-24T18:36:53-07:00,0,51
index.js,10,js,ed6d4653,Nate Nero,2026-04-24,18:36:53,-07:00,2026-04-24T18:36:53-07:00,0,0
index.js,11,js,ed6d4653,Nate Nero,2026-04-24,18:36:53,-07:00,2026-04-24T18:36:53-07:00,0,60
index.js,12,js,ed6d4653,Nate Nero,2026-04-24,18:36:53,-07:00,2026-04-24T18:36:53-07:00,0,0
index.js,13,js,ed6d4653,Nate Nero,2026-04-24,18:36:53,-07:00,2026-04-24T18:36:53-07:00,0,17
index.js,14,js,ed6d4653,Nate Nero,2026-04-24,18:36:53,-07:00,2026-04-24T18:36:53-07:00,1,24
index.js,15,js,ed6d4653,Nate Nero,2026-04-24,18:36:53,-07:00,2026-04-24T18:36:53-07:00,2,2
index.js,16,js,ed6d4653,Nate Nero,2026-04-24,18:36:53,-07:00,2026-04-24T18:36:53-07:00,3,54
index.js,17,js,ed6d4653,Nate Nero,2026-04-24,18:36:53,-07:00,2026-04-24T18:36:53-07:00,3,54
index.js,18,js,ed6d4653,Nate Nero,2026-04-24,18:36:53,-07:00,2026-04-24T18:36:53-07:00,3,48
index.js,19,js,ed6d4653,Nate Nero,2026-04-24,18:36:53,-07:00,2026-04-24T18:36:53-07:00,3,48
index.js,20,js,ed6d4653,Nate Nero,2026-04-24,18:36:53,-07:00,2026-04-24T18:36:53-07:00,2,3
index.js,21,js,ed6d4653,Nate Nero,2026-04-24,18:36:53,-07:00,2026-04-24T18:36:53-07:00,1,0
index.js,22,js,ed6d4653,Nate Nero,2026-04-24,18:36:53,-07:00,2026-04-24T18:36:53-07:00,0,0
index.html,1,html,9da64f37,Nate Nero,2026-04-03,17:28:59,-07:00,2026-04-03T17:28:59-07:00,0,13
index.html,2,html,9da64f37,Nate Nero,2026-04-03,17:28:59,-07:00,2026-04-03T17:28:59-07:00,0,14
index.html,3,html,9da64f37,Nate Nero,2026-04-03,17:28:59,-07:00,2026-04-03T17:28:59-07:00,0,4
index.html,4,html,73b52976,Nate Nero,2026-04-03,22:58:14,-07:00,2026-04-03T22:58:14-07:00,2,38
index.html,5,html,611e10c5,Nate Nero,2026-04-17,22:09:41,-07:00,2026-04-17T22:09:41-07:00,2,47
index.html,6,html,ed6d4653,Nate Nero,2026-04-24,18:36:53,-07:00,2026-04-24T18:36:53-07:00,2,50
index.html,7,html,9da64f37,Nate Nero,2026-04-03,17:28:59,-07:00,2026-04-03T17:28:59-07:00,2,20
index.html,8,html,9da64f37,Nate Nero,2026-04-03,17:28:59,-07:00,2026-04-03T17:28:59-07:00,2,68
index.html,9,html,9da64f37,Nate Nero,2026-04-03,17:28:59,-07:00,2026-04-03T17:28:59-07:00,2,51
index.html,10,html,9da64f37,Nate Nero,2026-04-03,17:28:59,-07:00,2026-04-03T17:28:59-07:00,0,5
index.html,11,html,9da64f37,Nate Nero,2026-04-03,17:28:59,-07:00,2026-04-03T17:28:59-07:00,0,4
index.html,12,html,611e10c5,Nate Nero,2026-04-17,22:09:41,-07:00,2026-04-17T22:09:41-07:00,2,0
index.html,13,html,9da64f37,Nate Nero,2026-04-03,17:28:59,-07:00,2026-04-03T17:28:59-07:00,2,16
index.html,14,html,9da64f37,Nate Nero,2026-04-03,17:28:59,-07:00,2026-04-03T17:28:59-07:00,2,123
index.html,15,html,73b52976,Nate Nero,2026-04-03,22:58:14,-07:00,2026-04-03T22:58:14-07:00,2,63
index.html,16,html,73b52976,Nate Nero,2026-04-03,22:58:14,-07:00,2026-04-03T22:58:14-07:00,2,7
index.html,17,html,73b52976,Nate Nero,2026-04-03,22:58:14,-07:00,2026-04-03T22:58:14-07:00,4,22
index.html,18,html,73b52976,Nate Nero,2026-04-03,22:58:14,-07:00,2026-04-03T22:58:14-07:00,4,92
index.html,19,html,73b52976,Nate Nero,2026-04-03,22:58:14,-07:00,2026-04-03T22:58:14-07:00,2,8
index.html,20,html,ed6d4653,Nate Nero,2026-04-24,18:36:53,-07:00,2026-04-24T18:36:53-07:00,2,22
index.html,21,html,ed6d4653,Nate Nero,2026-04-24,18:36:53,-07:00,2026-04-24T18:36:53-07:00,4,19
index.html,22,html,ed6d4653,Nate Nero,2026-04-24,18:36:53,-07:00,2026-04-24T18:36:53-07:00,2,4
index.html,23,html,ed6d4653,Nate Nero,2026-04-24,18:36:53,-07:00,2026-04-24T18:36:53-07:00,2,22
index.html,24,html,ed6d4653,Nate Nero,2026-04-24,18:36:53,-07:00,2026-04-24T18:36:53-07:00,2,20
index.html,25,html,ed6d4653,Nate Nero,2026-04-24,18:36:53,-07:00,2026-04-24T18:36:53-07:00,4,49
index.html,26,html,ed6d4653,Nate Nero,2026-04-24,18:36:53,-07:00,2026-04-24T18:36:53-07:00,2,4
index.html,27,html,9da64f37,Nate Nero,2026-04-03,17:28:59,-07:00,2026-04-03T17:28:59-07:00,0,5
index.html,28,html,73b52976,Nate Nero,2026-04-03,22:58:14,-07:00,2026-04-03T22:58:14-07:00,0,5
global.js,1,js,ed6d4653,Nate Nero,2026-04-24,18:36:53,-07:00,2026-04-24T18:36:53-07:00,0,25
global.js,2,js,ed6d4653,Nate Nero,2026-04-24,18:36:53,-07:00,2026-04-24T18:36:53-07:00,0,0
global.js,3,js,ed6d4653,Nate Nero,2026-04-24,18:36:53,-07:00,2026-04-24T18:36:53-07:00,0,79
global.js,4,js,ed6d4653,Nate Nero,2026-04-24,18:36:53,-07:00,2026-04-24T18:36:53-07:00,1,30
global.js,5,js,ed6d4653,Nate Nero,2026-04-24,18:36:53,-07:00,2026-04-24T18:36:53-07:00,1,29
global.js,6,js,ed6d4653,Nate Nero,2026-04-24,18:36:53,-07:00,2026-04-24T18:36:53-07:00,2,48
global.js,7,js,ed6d4653,Nate Nero,2026-04-24,18:36:53,-07:00,2026-04-24T18:36:53-07:00,2,19
global.js,8,js,ed6d4653,Nate Nero,2026-04-24,18:36:53,-07:00,2026-04-24T18:36:53-07:00,3,49
global.js,9,js,ed6d4653,Nate Nero,2026-04-24,18:36:53,-07:00,2026-04-24T18:36:53-07:00,3,49
global.js,10,js,0688bc7b,Nate Nero,2026-05-01,23:25:11,-07:00,2026-05-01T23:25:11-07:00,3,3
global.js,11,js,0688bc7b,Nate Nero,2026-05-01,23:25:11,-07:00,2026-05-01T23:25:11-07:00,4,27
global.js,12,js,0688bc7b,Nate Nero,2026-05-01,23:25:11,-07:00,2026-05-01T23:25:11-07:00,4,54
global.js,13,js,0688bc7b,Nate Nero,2026-05-01,23:25:11,-07:00,2026-05-01T23:25:11-07:00,3,4
global.js,14,js,ed6d4653,Nate Nero,2026-04-24,18:36:53,-07:00,2026-04-24T18:36:53-07:00,2,0
global.js,15,js,ed6d4653,Nate Nero,2026-04-24,18:36:53,-07:00,2026-04-24T18:36:53-07:00,2,36
global.js,16,js,ed6d4653,Nate Nero,2026-04-24,18:36:53,-07:00,2026-04-24T18:36:53-07:00,1,0
global.js,17,js,ed6d4653,Nate Nero,2026-04-24,18:36:53,-07:00,2026-04-24T18:36:53-07:00,0,0
global.js,18,js,ed6d4653,Nate Nero,2026-04-24,18:36:53,-07:00,2026-04-24T18:36:53-07:00,0,0
global.js,19,js,ed6d4653,Nate Nero,2026-04-24,18:36:53,-07:00,2026-04-24T18:36:53-07:00,0,47
global.js,20,js,ed6d4653,Nate Nero,2026-04-24,18:36:53,-07:00,2026-04-24T18:36:53-07:00,1,59
global.js,21,js,ed6d4653,Nate Nero,2026-04-24,18:36:53,-07:00,2026-04-24T18:36:53-07:00,0,0
global.js,22,js,ed6d4653,Nate Nero,2026-04-24,18:36:53,-07:00,2026-04-24T18:36:53-07:00,0,0
global.js,23,js,ed6d4653,Nate Nero,2026-04-24,18:36:53,-07:00,2026-04-24T18:36:53-07:00,0,36
global.js,24,js,ed6d4653,Nate Nero,2026-04-24,18:36:53,-07:00,2026-04-24T18:36:53-07:00,1,3
global.js,25,js,ed6d4653,Nate Nero,2026-04-24,18:36:53,-07:00,2026-04-24T18:36:53-07:00,2,32
global.js,26,js,ed6d4653,Nate Nero,2026-04-24,18:36:53,-07:00,2026-04-24T18:36:53-07:00,2,20
global.js,27,js,ed6d4653,Nate Nero,2026-04-24,18:36:53,-07:00,2026-04-24T18:36:53-07:00,2,17
global.js,28,js,ed6d4653,Nate Nero,2026-04-24,18:36:53,-07:00,2026-04-24T18:36:53-07:00,3,66
global.js,29,js,ed6d4653,Nate Nero,2026-04-24,18:36:53,-07:00,2026-04-24T18:36:53-07:00,2,0
global.js,30,js,ed6d4653,Nate Nero,2026-04-24,18:36:53,-07:00,2026-04-24T18:36:53-07:00,2,33
global.js,31,js,ed6d4653,Nate Nero,2026-04-24,18:36:53,-07:00,2026-04-24T18:36:53-07:00,2,10
global.js,32,js,ed6d4653,Nate Nero,2026-04-24,18:36:53,-07:00,2026-04-24T18:36:53-07:00,1,15
global.js,33,js,ed6d4653,Nate Nero,2026-04-24,18:36:53,-07:00,2026-04-24T18:36:53-07:00,2,59
global.js,34,js,ed6d4653,Nate Nero,2026-04-24,18:36:53,-07:00,2026-04-24T18:36:53-07:00,1,0
global.js,35,js,ed6d4653,Nate Nero,2026-04-24,18:36:53,-07:00,2026-04-24T18:36:53-07:00,0,0
global.js,36,js,611e10c5,Nate Nero,2026-04-17,22:09:41,-07:00,2026-04-17T22:09:41-07:00,0,0
global.js,37,js,611e10c5,Nate Nero,2026-04-17,22:09:41,-07:00,2026-04-17T22:09:41-07:00,0,41
global.js,38,js,611e10c5,Nate Nero,2026-04-17,22:09:41,-07:00,2026-04-17T22:09:41-07:00,1,52
global.js,39,js,611e10c5,Nate Nero,2026-04-17,22:09:41,-07:00,2026-04-17T22:09:41-07:00,0,0
global.js,40,js,611e10c5,Nate Nero,2026-04-17,22:09:41,-07:00,2026-04-17T22:09:41-07:00,0,0
global.js,41,js,611e10c5,Nate Nero,2026-04-17,22:09:41,-07:00,2026-04-17T22:09:41-07:00,0,11
global.js,42,js,611e10c5,Nate Nero,2026-04-17,22:09:41,-07:00,2026-04-17T22:09:41-07:00,1,25
global.js,43,js,611e10c5,Nate Nero,2026-04-17,22:09:41,-07:00,2026-04-17T22:09:41-07:00,1,38
global.js,44,js,611e10c5,Nate Nero,2026-04-17,22:09:41,-07:00,2026-04-17T22:09:41-07:00,1,30
global.js,45,js,611e10c5,Nate Nero,2026-04-17,22:09:41,-07:00,2026-04-17T22:09:41-07:00,1,36
global.js,46,js,00000000,Not Committed Yet,2026-05-07,22:01:46,-07:00,2026-05-07T22:01:46-07:00,1,30
global.js,47,js,611e10c5,Nate Nero,2026-04-17,22:09:41,-07:00,2026-04-17T22:09:41-07:00,1,54
global.js,48,js,611e10c5,Nate Nero,2026-04-17,22:09:41,-07:00,2026-04-17T22:09:41-07:00,0,0
global.js,49,js,611e10c5,Nate Nero,2026-04-17,22:09:41,-07:00,2026-04-17T22:09:41-07:00,0,0
global.js,50,js,611e10c5,Nate Nero,2026-04-17,22:09:41,-07:00,2026-04-17T22:09:41-07:00,0,15
global.js,51,js,611e10c5,Nate Nero,2026-04-17,22:09:41,-07:00,2026-04-17T22:09:41-07:00,1,68
global.js,52,js,611e10c5,Nate Nero,2026-04-17,22:09:41,-07:00,2026-04-17T22:09:41-07:00,2,3
global.js,53,js,611e10c5,Nate Nero,2026-04-17,22:09:41,-07:00,2026-04-17T22:09:41-07:00,2,14
global.js,54,js,611e10c5,Nate Nero,2026-04-17,22:09:41,-07:00,2026-04-17T22:09:41-07:00,0,0
global.js,55,js,611e10c5,Nate Nero,2026-04-17,22:09:41,-07:00,2026-04-17T22:09:41-07:00,0,38
global.js,56,js,611e10c5,Nate Nero,2026-04-17,22:09:41,-07:00,2026-04-17T22:09:41-07:00,0,25
global.js,57,js,611e10c5,Nate Nero,2026-04-17,22:09:41,-07:00,2026-04-17T22:09:41-07:00,0,0
global.js,58,js,611e10c5,Nate Nero,2026-04-17,22:09:41,-07:00,2026-04-17T22:09:41-07:00,0,20
global.js,59,js,611e10c5,Nate Nero,2026-04-17,22:09:41,-07:00,2026-04-17T22:09:41-07:00,1,14
global.js,60,js,611e10c5,Nate Nero,2026-04-17,22:09:41,-07:00,2026-04-17T22:09:41-07:00,1,18
global.js,61,js,611e10c5,Nate Nero,2026-04-17,22:09:41,-07:00,2026-04-17T22:09:41-07:00,0,0
global.js,62,js,611e10c5,Nate Nero,2026-04-17,22:09:41,-07:00,2026-04-17T22:09:41-07:00,1,52
global.js,63,js,611e10c5,Nate Nero,2026-04-17,22:09:41,-07:00,2026-04-17T22:09:41-07:00,0,0
global.js,64,js,611e10c5,Nate Nero,2026-04-17,22:09:41,-07:00,2026-04-17T22:09:41-07:00,1,67
global.js,65,js,611e10c5,Nate Nero,2026-04-17,22:09:41,-07:00,2026-04-17T22:09:41-07:00,0,0
global.js,66,js,611e10c5,Nate Nero,2026-04-17,22:09:41,-07:00,2026-04-17T22:09:41-07:00,0,0
global.js,67,js,611e10c5,Nate Nero,2026-04-17,22:09:41,-07:00,2026-04-17T22:09:41-07:00,0,25
global.js,68,js,611e10c5,Nate Nero,2026-04-17,22:09:41,-07:00,2026-04-17T22:09:41-07:00,0,0
global.js,69,js,611e10c5,Nate Nero,2026-04-17,22:09:41,-07:00,2026-04-17T22:09:41-07:00,0,30
global.js,70,js,611e10c5,Nate Nero,2026-04-17,22:09:41,-07:00,2026-04-17T22:09:41-07:00,1,66
global.js,71,js,611e10c5,Nate Nero,2026-04-17,22:09:41,-07:00,2026-04-17T22:09:41-07:00,0,0
global.js,72,js,611e10c5,Nate Nero,2026-04-17,22:09:41,-07:00,2026-04-17T22:09:41-07:00,0,0
global.js,73,js,611e10c5,Nate Nero,2026-04-17,22:09:41,-07:00,2026-04-17T22:09:41-07:00,0,36
global.js,74,js,611e10c5,Nate Nero,2026-04-17,22:09:41,-07:00,2026-04-17T22:09:41-07:00,0,0
global.js,75,js,611e10c5,Nate Nero,2026-04-17,22:09:41,-07:00,2026-04-17T22:09:41-07:00,0,31
global.js,76,js,611e10c5,Nate Nero,2026-04-17,22:09:41,-07:00,2026-04-17T22:09:41-07:00,1,11
global.js,77,js,611e10c5,Nate Nero,2026-04-17,22:09:41,-07:00,2026-04-17T22:09:41-07:00,1,0
global.js,78,js,611e10c5,Nate Nero,2026-04-17,22:09:41,-07:00,2026-04-17T22:09:41-07:00,2,26
global.js,79,js,611e10c5,Nate Nero,2026-04-17,22:09:41,-07:00,2026-04-17T22:09:41-07:00,3,4
global.js,80,js,611e10c5,Nate Nero,2026-04-17,22:09:41,-07:00,2026-04-17T22:09:41-07:00,3,6
global.js,81,js,611e10c5,Nate Nero,2026-04-17,22:09:41,-07:00,2026-04-17T22:09:41-07:00,4,43
global.js,82,js,611e10c5,Nate Nero,2026-04-17,22:09:41,-07:00,2026-04-17T22:09:41-07:00,4,34
global.js,83,js,611e10c5,Nate Nero,2026-04-17,22:09:41,-07:00,2026-04-17T22:09:41-07:00,4,32
global.js,84,js,611e10c5,Nate Nero,2026-04-17,22:09:41,-07:00,2026-04-17T22:09:41-07:00,3,7
global.js,85,js,611e10c5,Nate Nero,2026-04-17,22:09:41,-07:00,2026-04-17T22:09:41-07:00,2,8
global.js,86,js,611e10c5,Nate Nero,2026-04-17,22:09:41,-07:00,2026-04-17T22:09:41-07:00,0,0
global.js,87,js,611e10c5,Nate Nero,2026-04-17,22:09:41,-07:00,2026-04-17T22:09:41-07:00,0,0
global.js,88,js,611e10c5,Nate Nero,2026-04-17,22:09:41,-07:00,2026-04-17T22:09:41-07:00,0,58
global.js,89,js,611e10c5,Nate Nero,2026-04-17,22:09:41,-07:00,2026-04-17T22:09:41-07:00,0,0
global.js,90,js,611e10c5,Nate Nero,2026-04-17,22:09:41,-07:00,2026-04-17T22:09:41-07:00,0,36
global.js,91,js,611e10c5,Nate Nero,2026-04-17,22:09:41,-07:00,2026-04-17T22:09:41-07:00,1,70
global.js,92,js,611e10c5,Nate Nero,2026-04-17,22:09:41,-07:00,2026-04-17T22:09:41-07:00,1,25
global.js,93,js,611e10c5,Nate Nero,2026-04-17,22:09:41,-07:00,2026-04-17T22:09:41-07:00,0,0
global.js,94,js,611e10c5,Nate Nero,2026-04-17,22:09:41,-07:00,2026-04-17T22:09:41-07:00,0,0
global.js,95,js,611e10c5,Nate Nero,2026-04-17,22:09:41,-07:00,2026-04-17T22:09:41-07:00,0,34
global.js,96,js,611e10c5,Nate Nero,2026-04-17,22:09:41,-07:00,2026-04-17T22:09:41-07:00,1,39
global.js,97,js,611e10c5,Nate Nero,2026-04-17,22:09:41,-07:00,2026-04-17T22:09:41-07:00,0,0
global.js,98,js,611e10c5,Nate Nero,2026-04-17,22:09:41,-07:00,2026-04-17T22:09:41-07:00,0,0
global.js,99,js,611e10c5,Nate Nero,2026-04-17,22:09:41,-07:00,2026-04-17T22:09:41-07:00,0,49
global.js,100,js,611e10c5,Nate Nero,2026-04-17,22:09:41,-07:00,2026-04-17T22:09:41-07:00,1,33
global.js,101,js,611e10c5,Nate Nero,2026-04-17,22:09:41,-07:00,2026-04-17T22:09:41-07:00,1,44
global.js,102,js,611e10c5,Nate Nero,2026-04-17,22:09:41,-07:00,2026-04-17T22:09:41-07:00,0,1
resume/index.html,1,html,73b52976,Nate Nero,2026-04-03,22:58:14,-07:00,2026-04-03T22:58:14-07:00,0,13
resume/index.html,2,html,73b52976,Nate Nero,2026-04-03,22:58:14,-07:00,2026-04-03T22:58:14-07:00,0,14
resume/index.html,3,html,73b52976,Nate Nero,2026-04-03,22:58:14,-07:00,2026-04-03T22:58:14-07:00,0,4
resume/index.html,4,html,73b52976,Nate Nero,2026-04-03,22:58:14,-07:00,2026-04-03T22:58:14-07:00,2,20
resume/index.html,5,html,73b52976,Nate Nero,2026-04-03,22:58:14,-07:00,2026-04-03T22:58:14-07:00,2,68
resume/index.html,6,html,73b52976,Nate Nero,2026-04-03,22:58:14,-07:00,2026-04-03T22:58:14-07:00,2,41
resume/index.html,7,html,611e10c5,Nate Nero,2026-04-17,22:09:41,-07:00,2026-04-17T22:09:41-07:00,2,48
resume/index.html,8,html,73b52976,Nate Nero,2026-04-03,22:58:14,-07:00,2026-04-03T22:58:14-07:00,2,19
resume/index.html,9,html,73b52976,Nate Nero,2026-04-03,22:58:14,-07:00,2026-04-03T22:58:14-07:00,0,5
resume/index.html,10,html,71187ade,Nate Nero,2026-04-10,23:54:36,-07:00,2026-04-10T23:54:36-07:00,0,24
resume/index.html,11,html,611e10c5,Nate Nero,2026-04-17,22:09:41,-07:00,2026-04-17T22:09:41-07:00,2,0
resume/index.html,12,html,73b52976,Nate Nero,2026-04-03,22:58:14,-07:00,2026-04-03T22:58:14-07:00,2,13
resume/index.html,13,html,71187ade,Nate Nero,2026-04-10,23:54:36,-07:00,2026-04-10T23:54:36-07:00,2,120
resume/index.html,14,html,73b52976,Nate Nero,2026-04-03,22:58:14,-07:00,2026-04-03T22:58:14-07:00,0,0
resume/index.html,15,html,71187ade,Nate Nero,2026-04-10,23:54:36,-07:00,2026-04-10T23:54:36-07:00,2,66
resume/index.html,16,html,73b52976,Nate Nero,2026-04-03,22:58:14,-07:00,2026-04-03T22:58:14-07:00,4,39
resume/index.html,17,html,73b52976,Nate Nero,2026-04-03,22:58:14,-07:00,2026-04-03T22:58:14-07:00,4,7
resume/index.html,18,html,73b52976,Nate Nero,2026-04-03,22:58:14,-07:00,2026-04-03T22:58:14-07:00,6,6
resume/index.html,19,html,73b52976,Nate Nero,2026-04-03,22:58:14,-07:00,2026-04-03T22:58:14-07:00,8,31
resume/index.html,20,html,73b52976,Nate Nero,2026-04-03,22:58:14,-07:00,2026-04-03T22:58:14-07:00,8,49
resume/index.html,21,html,73b52976,Nate Nero,2026-04-03,22:58:14,-07:00,2026-04-03T22:58:14-07:00,6,7
resume/index.html,22,html,73b52976,Nate Nero,2026-04-03,22:58:14,-07:00,2026-04-03T22:58:14-07:00,6,80
resume/index.html,23,html,73b52976,Nate Nero,2026-04-03,22:58:14,-07:00,2026-04-03T22:58:14-07:00,4,8
resume/index.html,24,html,73b52976,Nate Nero,2026-04-03,22:58:14,-07:00,2026-04-03T22:58:14-07:00,2,8
resume/index.html,25,html,73b52976,Nate Nero,2026-04-03,22:58:14,-07:00,2026-04-03T22:58:14-07:00,0,0
resume/index.html,26,html,71187ade,Nate Nero,2026-04-10,23:54:36,-07:00,2026-04-10T23:54:36-07:00,2,63
resume/index.html,27,html,73b52976,Nate Nero,2026-04-03,22:58:14,-07:00,2026-04-03T22:58:14-07:00,4,33
resume/index.html,28,html,73b52976,Nate Nero,2026-04-03,22:58:14,-07:00,2026-04-03T22:58:14-07:00,4,2
resume/index.html,29,html,73b52976,Nate Nero,2026-04-03,22:58:14,-07:00,2026-04-03T22:58:14-07:00,6,11
resume/index.html,30,html,73b52976,Nate Nero,2026-04-03,22:58:14,-07:00,2026-04-03T22:58:14-07:00,6,10
resume/index.html,31,html,73b52976,Nate Nero,2026-04-03,22:58:14,-07:00,2026-04-03T22:58:14-07:00,6,21
resume/index.html,32,html,73b52976,Nate Nero,2026-04-03,22:58:14,-07:00,2026-04-03T22:58:14-07:00,6,22
resume/index.html,33,html,73b52976,Nate Nero,2026-04-03,22:58:14,-07:00,2026-04-03T22:58:14-07:00,4,3
resume/index.html,34,html,73b52976,Nate Nero,2026-04-03,22:58:14,-07:00,2026-04-03T22:58:14-07:00,2,8
resume/index.html,35,html,73b52976,Nate Nero,2026-04-03,22:58:14,-07:00,2026-04-03T22:58:14-07:00,0,0
resume/index.html,36,html,71187ade,Nate Nero,2026-04-10,23:54:36,-07:00,2026-04-10T23:54:36-07:00,2,67
resume/index.html,37,html,73b52976,Nate Nero,2026-04-03,22:58:14,-07:00,2026-04-03T22:58:14-07:00,4,41
resume/index.html,38,html,73b52976,Nate Nero,2026-04-03,22:58:14,-07:00,2026-04-03T22:58:14-07:00,4,7
resume/index.html,39,html,73b52976,Nate Nero,2026-04-03,22:58:14,-07:00,2026-04-03T22:58:14-07:00,6,6
resume/index.html,40,html,73b52976,Nate Nero,2026-04-03,22:58:14,-07:00,2026-04-03T22:58:14-07:00,8,33
resume/index.html,41,html,73b52976,Nate Nero,2026-04-03,22:58:14,-07:00,2026-04-03T22:58:14-07:00,8,47
resume/index.html,42,html,73b52976,Nate Nero,2026-04-03,22:58:14,-07:00,2026-04-03T22:58:14-07:00,6,7
resume/index.html,43,html,73b52976,Nate Nero,2026-04-03,22:58:14,-07:00,2026-04-03T22:58:14-07:00,6,95
resume/index.html,44,html,73b52976,Nate Nero,2026-04-03,22:58:14,-07:00,2026-04-03T22:58:14-07:00,4,8
resume/index.html,45,html,73b52976,Nate Nero,2026-04-03,22:58:14,-07:00,2026-04-03T22:58:14-07:00,2,8
resume/index.html,46,html,71187ade,Nate Nero,2026-04-10,23:54:36,-07:00,2026-04-10T23:54:36-07:00,0,0
resume/index.html,47,html,71187ade,Nate Nero,2026-04-10,23:54:36,-07:00,2026-04-10T23:54:36-07:00,2,67
resume/index.html,48,html,71187ade,Nate Nero,2026-04-10,23:54:36,-07:00,2026-04-10T23:54:36-07:00,4,41
resume/index.html,49,html,71187ade,Nate Nero,2026-04-10,23:54:36,-07:00,2026-04-10T23:54:36-07:00,4,7
resume/index.html,50,html,71187ade,Nate Nero,2026-04-10,23:54:36,-07:00,2026-04-10T23:54:36-07:00,6,6
resume/index.html,51,html,71187ade,Nate Nero,2026-04-10,23:54:36,-07:00,2026-04-10T23:54:36-07:00,8,36
resume/index.html,52,html,71187ade,Nate Nero,2026-04-10,23:54:36,-07:00,2026-04-10T23:54:36-07:00,8,49
resume/index.html,53,html,71187ade,Nate Nero,2026-04-10,23:54:36,-07:00,2026-04-10T23:54:36-07:00,6,7
resume/index.html,54,html,71187ade,Nate Nero,2026-04-10,23:54:36,-07:00,2026-04-10T23:54:36-07:00,6,123
resume/index.html,55,html,71187ade,Nate Nero,2026-04-10,23:54:36,-07:00,2026-04-10T23:54:36-07:00,4,8
resume/index.html,56,html,71187ade,Nate Nero,2026-04-10,23:54:36,-07:00,2026-04-10T23:54:36-07:00,2,8
resume/index.html,57,html,73b52976,Nate Nero,2026-04-03,22:58:14,-07:00,2026-04-03T22:58:14-07:00,0,5
resume/index.html,58,html,73b52976,Nate Nero,2026-04-03,22:58:14,-07:00,2026-04-03T22:58:14-07:00,0,5
projects/projects.js,1,js,0688bc7b,Nate Nero,2026-05-01,23:25:11,-07:00,2026-05-01T23:25:11-07:00,0,63
projects/projects.js,2,js,ed6d4653,Nate Nero,2026-04-24,18:36:53,-07:00,2026-04-24T18:36:53-07:00,0,55
projects/projects.js,3,js,ed6d4653,Nate Nero,2026-04-24,18:36:53,-07:00,2026-04-24T18:36:53-07:00,0,0
projects/projects.js,4,js,ed6d4653,Nate Nero,2026-04-24,18:36:53,-07:00,2026-04-24T18:36:53-07:00,0,55
projects/projects.js,5,js,ed6d4653,Nate Nero,2026-04-24,18:36:53,-07:00,2026-04-24T18:36:53-07:00,0,60
projects/projects.js,6,js,ed6d4653,Nate Nero,2026-04-24,18:36:53,-07:00,2026-04-24T18:36:53-07:00,0,48
projects/projects.js,7,js,ed6d4653,Nate Nero,2026-04-24,18:36:53,-07:00,2026-04-24T18:36:53-07:00,0,0
projects/projects.js,8,js,ed6d4653,Nate Nero,2026-04-24,18:36:53,-07:00,2026-04-24T18:36:53-07:00,0,84
projects/projects.js,9,js,0688bc7b,Nate Nero,2026-05-01,23:25:11,-07:00,2026-05-01T23:25:11-07:00,0,0
projects/projects.js,10,js,0688bc7b,Nate Nero,2026-05-01,23:25:11,-07:00,2026-05-01T23:25:11-07:00,0,57
projects/projects.js,11,js,0688bc7b,Nate Nero,2026-05-01,23:25:11,-07:00,2026-05-01T23:25:11-07:00,0,47
projects/projects.js,12,js,0688bc7b,Nate Nero,2026-05-01,23:25:11,-07:00,2026-05-01T23:25:11-07:00,0,21
projects/projects.js,13,js,0688bc7b,Nate Nero,2026-05-01,23:25:11,-07:00,2026-05-01T23:25:11-07:00,0,0
projects/projects.js,14,js,0688bc7b,Nate Nero,2026-05-01,23:25:11,-07:00,2026-05-01T23:25:11-07:00,0,38
projects/projects.js,15,js,0688bc7b,Nate Nero,2026-05-01,23:25:11,-07:00,2026-05-01T23:25:11-07:00,1,25
projects/projects.js,16,js,0688bc7b,Nate Nero,2026-05-01,23:25:11,-07:00,2026-05-01T23:25:11-07:00,1,29
projects/projects.js,17,js,0688bc7b,Nate Nero,2026-05-01,23:25:11,-07:00,2026-05-01T23:25:11-07:00,1,44
projects/projects.js,18,js,0688bc7b,Nate Nero,2026-05-01,23:25:11,-07:00,2026-05-01T23:25:11-07:00,0,0
projects/projects.js,19,js,0688bc7b,Nate Nero,2026-05-01,23:25:11,-07:00,2026-05-01T23:25:11-07:00,1,29
projects/projects.js,20,js,0688bc7b,Nate Nero,2026-05-01,23:25:11,-07:00,2026-05-01T23:25:11-07:00,2,12
projects/projects.js,21,js,0688bc7b,Nate Nero,2026-05-01,23:25:11,-07:00,2026-05-01T23:25:11-07:00,2,14
projects/projects.js,22,js,0688bc7b,Nate Nero,2026-05-01,23:25:11,-07:00,2026-05-01T23:25:11-07:00,2,12
projects/projects.js,23,js,0688bc7b,Nate Nero,2026-05-01,23:25:11,-07:00,2026-05-01T23:25:11-07:00,1,0
projects/projects.js,24,js,0688bc7b,Nate Nero,2026-05-01,23:25:11,-07:00,2026-05-01T23:25:11-07:00,1,50
projects/projects.js,25,js,0688bc7b,Nate Nero,2026-05-01,23:25:11,-07:00,2026-05-01T23:25:11-07:00,2,35
projects/projects.js,26,js,0688bc7b,Nate Nero,2026-05-01,23:25:11,-07:00,2026-05-01T23:25:11-07:00,1,1
projects/projects.js,27,js,0688bc7b,Nate Nero,2026-05-01,23:25:11,-07:00,2026-05-01T23:25:11-07:00,0,0
projects/projects.js,28,js,0688bc7b,Nate Nero,2026-05-01,23:25:11,-07:00,2026-05-01T23:25:11-07:00,1,51
projects/projects.js,29,js,0688bc7b,Nate Nero,2026-05-01,23:25:11,-07:00,2026-05-01T23:25:11-07:00,1,42
projects/projects.js,30,js,0688bc7b,Nate Nero,2026-05-01,23:25:11,-07:00,2026-05-01T23:25:11-07:00,1,49
projects/projects.js,31,js,0688bc7b,Nate Nero,2026-05-01,23:25:11,-07:00,2026-05-01T23:25:11-07:00,0,0
projects/projects.js,32,js,0688bc7b,Nate Nero,2026-05-01,23:25:11,-07:00,2026-05-01T23:25:11-07:00,1,32
projects/projects.js,33,js,0688bc7b,Nate Nero,2026-05-01,23:25:11,-07:00,2026-05-01T23:25:11-07:00,0,0
projects/projects.js,34,js,0688bc7b,Nate Nero,2026-05-01,23:25:11,-07:00,2026-05-01T23:25:11-07:00,1,27
projects/projects.js,35,js,0688bc7b,Nate Nero,2026-05-01,23:25:11,-07:00,2026-05-01T23:25:11-07:00,2,1
projects/projects.js,36,js,0688bc7b,Nate Nero,2026-05-01,23:25:11,-07:00,2026-05-01T23:25:11-07:00,3,13
projects/projects.js,37,js,0688bc7b,Nate Nero,2026-05-01,23:25:11,-07:00,2026-05-01T23:25:11-07:00,3,13
projects/projects.js,38,js,0688bc7b,Nate Nero,2026-05-01,23:25:11,-07:00,2026-05-01T23:25:11-07:00,3,22
projects/projects.js,39,js,0688bc7b,Nate Nero,2026-05-01,23:25:11,-07:00,2026-05-01T23:25:11-07:00,3,18
projects/projects.js,40,js,0688bc7b,Nate Nero,2026-05-01,23:25:11,-07:00,2026-05-01T23:25:11-07:00,4,43
projects/projects.js,41,js,0688bc7b,Nate Nero,2026-05-01,23:25:11,-07:00,2026-05-01T23:25:11-07:00,0,0
projects/projects.js,42,js,0688bc7b,Nate Nero,2026-05-01,23:25:11,-07:00,2026-05-01T23:25:11-07:00,4,1
projects/projects.js,43,js,0688bc7b,Nate Nero,2026-05-01,23:25:11,-07:00,2026-05-01T23:25:11-07:00,5,16
projects/projects.js,44,js,0688bc7b,Nate Nero,2026-05-01,23:25:11,-07:00,2026-05-01T23:25:11-07:00,5,66
projects/projects.js,45,js,0688bc7b,Nate Nero,2026-05-01,23:25:11,-07:00,2026-05-01T23:25:11-07:00,0,0
projects/projects.js,46,js,0688bc7b,Nate Nero,2026-05-01,23:25:11,-07:00,2026-05-01T23:25:11-07:00,4,4
projects/projects.js,47,js,0688bc7b,Nate Nero,2026-05-01,23:25:11,-07:00,2026-05-01T23:25:11-07:00,5,14
projects/projects.js,48,js,0688bc7b,Nate Nero,2026-05-01,23:25:11,-07:00,2026-05-01T23:25:11-07:00,5,89
projects/projects.js,49,js,0688bc7b,Nate Nero,2026-05-01,23:25:11,-07:00,2026-05-01T23:25:11-07:00,0,0
projects/projects.js,50,js,0688bc7b,Nate Nero,2026-05-01,23:25:11,-07:00,2026-05-01T23:25:11-07:00,4,25
projects/projects.js,51,js,0688bc7b,Nate Nero,2026-05-01,23:25:11,-07:00,2026-05-01T23:25:11-07:00,5,53
projects/projects.js,52,js,0688bc7b,Nate Nero,2026-05-01,23:25:11,-07:00,2026-05-01T23:25:11-07:00,4,6
projects/projects.js,53,js,0688bc7b,Nate Nero,2026-05-01,23:25:11,-07:00,2026-05-01T23:25:11-07:00,5,46
projects/projects.js,54,js,0688bc7b,Nate Nero,2026-05-01,23:25:11,-07:00,2026-05-01T23:25:11-07:00,5,70
projects/projects.js,55,js,0688bc7b,Nate Nero,2026-05-01,23:25:11,-07:00,2026-05-01T23:25:11-07:00,5,54
projects/projects.js,56,js,0688bc7b,Nate Nero,2026-05-01,23:25:11,-07:00,2026-05-01T23:25:11-07:00,4,0
projects/projects.js,57,js,0688bc7b,Nate Nero,2026-05-01,23:25:11,-07:00,2026-05-01T23:25:11-07:00,3,1
projects/projects.js,58,js,0688bc7b,Nate Nero,2026-05-01,23:25:11,-07:00,2026-05-01T23:25:11-07:00,1,1
projects/projects.js,59,js,0688bc7b,Nate Nero,2026-05-01,23:25:11,-07:00,2026-05-01T23:25:11-07:00,0,0
projects/projects.js,60,js,0688bc7b,Nate Nero,2026-05-01,23:25:11,-07:00,2026-05-01T23:25:11-07:00,1,27
projects/projects.js,61,js,0688bc7b,Nate Nero,2026-05-01,23:25:11,-07:00,2026-05-01T23:25:11-07:00,2,4
projects/projects.js,62,js,0688bc7b,Nate Nero,2026-05-01,23:25:11,-07:00,2026-05-01T23:25:11-07:00,3,11
projects/projects.js,63,js,0688bc7b,Nate Nero,2026-05-01,23:25:11,-07:00,2026-05-01T23:25:11-07:00,3,39
projects/projects.js,64,js,0688bc7b,Nate Nero,2026-05-01,23:25:11,-07:00,2026-05-01T23:25:11-07:00,3,27
projects/projects.js,65,js,0688bc7b,Nate Nero,2026-05-01,23:25:11,-07:00,2026-05-01T23:25:11-07:00,3,69
projects/projects.js,66,js,0688bc7b,Nate Nero,2026-05-01,23:25:11,-07:00,2026-05-01T23:25:11-07:00,1,1
projects/projects.js,67,js,0688bc7b,Nate Nero,2026-05-01,23:25:11,-07:00,2026-05-01T23:25:11-07:00,0,0
projects/projects.js,68,js,0688bc7b,Nate Nero,2026-05-01,23:25:11,-07:00,2026-05-01T23:25:11-07:00,0,0
projects/projects.js,69,js,0688bc7b,Nate Nero,2026-05-01,23:25:11,-07:00,2026-05-01T23:25:11-07:00,0,23
projects/projects.js,70,js,0688bc7b,Nate Nero,2026-05-01,23:25:11,-07:00,2026-05-01T23:25:11-07:00,0,0
projects/projects.js,71,js,0688bc7b,Nate Nero,2026-05-01,23:25:11,-07:00,2026-05-01T23:25:11-07:00,0,13
projects/projects.js,72,js,0688bc7b,Nate Nero,2026-05-01,23:25:11,-07:00,2026-05-01T23:25:11-07:00,0,53
projects/projects.js,73,js,0688bc7b,Nate Nero,2026-05-01,23:25:11,-07:00,2026-05-01T23:25:11-07:00,0,49
projects/projects.js,74,js,0688bc7b,Nate Nero,2026-05-01,23:25:11,-07:00,2026-05-01T23:25:11-07:00,1,25
projects/projects.js,75,js,0688bc7b,Nate Nero,2026-05-01,23:25:11,-07:00,2026-05-01T23:25:11-07:00,1,51
projects/projects.js,76,js,0688bc7b,Nate Nero,2026-05-01,23:25:11,-07:00,2026-05-01T23:25:11-07:00,2,59
projects/projects.js,77,js,0688bc7b,Nate Nero,2026-05-01,23:25:11,-07:00,2026-05-01T23:25:11-07:00,2,42
projects/projects.js,78,js,0688bc7b,Nate Nero,2026-05-01,23:25:11,-07:00,2026-05-01T23:25:11-07:00,1,1
projects/projects.js,79,js,0688bc7b,Nate Nero,2026-05-01,23:25:11,-07:00,2026-05-01T23:25:11-07:00,1,56
projects/projects.js,80,js,0688bc7b,Nate Nero,2026-05-01,23:25:11,-07:00,2026-05-01T23:25:11-07:00,1,31
projects/projects.js,81,js,0688bc7b,Nate Nero,2026-05-01,23:25:11,-07:00,2026-05-01T23:25:11-07:00,0,1
projects/index.html,1,html,73b52976,Nate Nero,2026-04-03,22:58:14,-07:00,2026-04-03T22:58:14-07:00,0,13
projects/index.html,2,html,73b52976,Nate Nero,2026-04-03,22:58:14,-07:00,2026-04-03T22:58:14-07:00,0,14
projects/index.html,3,html,73b52976,Nate Nero,2026-04-03,22:58:14,-07:00,2026-04-03T22:58:14-07:00,0,4
projects/index.html,4,html,73b52976,Nate Nero,2026-04-03,22:58:14,-07:00,2026-04-03T22:58:14-07:00,2,20
projects/index.html,5,html,73b52976,Nate Nero,2026-04-03,22:58:14,-07:00,2026-04-03T22:58:14-07:00,2,68
projects/index.html,6,html,73b52976,Nate Nero,2026-04-03,22:58:14,-07:00,2026-04-03T22:58:14-07:00,2,41
projects/index.html,7,html,611e10c5,Nate Nero,2026-04-17,22:09:41,-07:00,2026-04-17T22:09:41-07:00,2,48
projects/index.html,8,html,73b52976,Nate Nero,2026-04-03,22:58:14,-07:00,2026-04-03T22:58:14-07:00,2,21
projects/index.html,9,html,73b52976,Nate Nero,2026-04-03,22:58:14,-07:00,2026-04-03T22:58:14-07:00,0,5
projects/index.html,10,html,73b52976,Nate Nero,2026-04-03,22:58:14,-07:00,2026-04-03T22:58:14-07:00,0,4
projects/index.html,11,html,611e10c5,Nate Nero,2026-04-17,22:09:41,-07:00,2026-04-17T22:09:41-07:00,2,0
projects/index.html,12,html,ed6d4653,Nate Nero,2026-04-24,18:36:53,-07:00,2026-04-24T18:36:53-07:00,2,41
projects/index.html,13,html,71187ade,Nate Nero,2026-04-10,23:54:36,-07:00,2026-04-10T23:54:36-07:00,2,111
projects/index.html,14,html,0688bc7b,Nate Nero,2026-05-01,23:25:11,-07:00,2026-05-01T23:25:11-07:00,0,0
projects/index.html,15,html,0688bc7b,Nate Nero,2026-05-01,23:25:11,-07:00,2026-05-01T23:25:11-07:00,2,21
projects/index.html,16,html,0688bc7b,Nate Nero,2026-05-01,23:25:11,-07:00,2026-05-01T23:25:11-07:00,3,58
projects/index.html,17,html,0688bc7b,Nate Nero,2026-05-01,23:25:11,-07:00,2026-05-01T23:25:11-07:00,3,22
projects/index.html,18,html,0688bc7b,Nate Nero,2026-05-01,23:25:11,-07:00,2026-05-01T23:25:11-07:00,2,4
projects/index.html,19,html,0688bc7b,Nate Nero,2026-05-01,23:25:11,-07:00,2026-05-01T23:25:11-07:00,0,0
projects/index.html,20,html,0688bc7b,Nate Nero,2026-05-01,23:25:11,-07:00,2026-05-01T23:25:11-07:00,2,4
projects/index.html,21,html,0688bc7b,Nate Nero,2026-05-01,23:25:11,-07:00,2026-05-01T23:25:11-07:00,3,15
projects/index.html,22,html,0688bc7b,Nate Nero,2026-05-01,23:25:11,-07:00,2026-05-01T23:25:11-07:00,3,11
projects/index.html,23,html,0688bc7b,Nate Nero,2026-05-01,23:25:11,-07:00,2026-05-01T23:25:11-07:00,3,26
projects/index.html,24,html,0688bc7b,Nate Nero,2026-05-01,23:25:11,-07:00,2026-05-01T23:25:11-07:00,3,31
projects/index.html,25,html,0688bc7b,Nate Nero,2026-05-01,23:25:11,-07:00,2026-05-01T23:25:11-07:00,2,0
projects/index.html,26,html,0688bc7b,Nate Nero,2026-05-01,23:25:11,-07:00,2026-05-01T23:25:11-07:00,0,0
projects/index.html,27,html,ed6d4653,Nate Nero,2026-04-24,18:36:53,-07:00,2026-04-24T18:36:53-07:00,2,34
projects/index.html,28,html,ed6d4653,Nate Nero,2026-04-24,18:36:53,-07:00,2026-04-24T18:36:53-07:00,0,0
projects/index.html,29,html,ed6d4653,Nate Nero,2026-04-24,18:36:53,-07:00,2026-04-24T18:36:53-07:00,2,47
projects/index.html,30,html,73b52976,Nate Nero,2026-04-03,22:58:14,-07:00,2026-04-03T22:58:14-07:00,0,5
projects/index.html,31,html,73b52976,Nate Nero,2026-04-03,22:58:14,-07:00,2026-04-03T22:58:14-07:00,0,5
contact/index.html,1,html,73b52976,Nate Nero,2026-04-03,22:58:14,-07:00,2026-04-03T22:58:14-07:00,0,13
contact/index.html,2,html,73b52976,Nate Nero,2026-04-03,22:58:14,-07:00,2026-04-03T22:58:14-07:00,0,14
contact/index.html,3,html,73b52976,Nate Nero,2026-04-03,22:58:14,-07:00,2026-04-03T22:58:14-07:00,0,4
contact/index.html,4,html,73b52976,Nate Nero,2026-04-03,22:58:14,-07:00,2026-04-03T22:58:14-07:00,2,20
contact/index.html,5,html,73b52976,Nate Nero,2026-04-03,22:58:14,-07:00,2026-04-03T22:58:14-07:00,2,68
contact/index.html,6,html,73b52976,Nate Nero,2026-04-03,22:58:14,-07:00,2026-04-03T22:58:14-07:00,2,41
contact/index.html,7,html,611e10c5,Nate Nero,2026-04-17,22:09:41,-07:00,2026-04-17T22:09:41-07:00,2,48
contact/index.html,8,html,73b52976,Nate Nero,2026-04-03,22:58:14,-07:00,2026-04-03T22:58:14-07:00,2,20
contact/index.html,9,html,73b52976,Nate Nero,2026-04-03,22:58:14,-07:00,2026-04-03T22:58:14-07:00,0,5
contact/index.html,10,html,73b52976,Nate Nero,2026-04-03,22:58:14,-07:00,2026-04-03T22:58:14-07:00,0,4
contact/index.html,11,html,611e10c5,Nate Nero,2026-04-17,22:09:41,-07:00,2026-04-17T22:09:41-07:00,0,0
contact/index.html,12,html,71187ade,Nate Nero,2026-04-10,23:54:36,-07:00,2026-04-10T23:54:36-07:00,2,17
contact/index.html,13,html,73b52976,Nate Nero,2026-04-03,22:58:14,-07:00,2026-04-03T22:58:14-07:00,2,44
contact/index.html,14,html,73b52976,Nate Nero,2026-04-03,22:58:14,-07:00,2026-04-03T22:58:14-07:00,2,70
contact/index.html,15,html,73b52976,Nate Nero,2026-04-03,22:58:14,-07:00,2026-04-03T22:58:14-07:00,4,5
contact/index.html,16,html,71187ade,Nate Nero,2026-04-10,23:54:36,-07:00,2026-04-10T23:54:36-07:00,6,16
contact/index.html,17,html,73b52976,Nate Nero,2026-04-03,22:58:14,-07:00,2026-04-03T22:58:14-07:00,6,58
contact/index.html,18,html,73b52976,Nate Nero,2026-04-03,22:58:14,-07:00,2026-04-03T22:58:14-07:00,4,6
contact/index.html,19,html,73b52976,Nate Nero,2026-04-03,22:58:14,-07:00,2026-04-03T22:58:14-07:00,4,5
contact/index.html,20,html,71187ade,Nate Nero,2026-04-10,23:54:36,-07:00,2026-04-10T23:54:36-07:00,6,18
contact/index.html,21,html,73b52976,Nate Nero,2026-04-03,22:58:14,-07:00,2026-04-03T22:58:14-07:00,6,46
contact/index.html,22,html,73b52976,Nate Nero,2026-04-03,22:58:14,-07:00,2026-04-03T22:58:14-07:00,4,6
contact/index.html,23,html,73b52976,Nate Nero,2026-04-03,22:58:14,-07:00,2026-04-03T22:58:14-07:00,4,5
contact/index.html,24,html,71187ade,Nate Nero,2026-04-10,23:54:36,-07:00,2026-04-10T23:54:36-07:00,6,18
contact/index.html,25,html,73b52976,Nate Nero,2026-04-03,22:58:14,-07:00,2026-04-03T22:58:14-07:00,6,88
contact/index.html,26,html,73b52976,Nate Nero,2026-04-03,22:58:14,-07:00,2026-04-03T22:58:14-07:00,4,6
contact/index.html,27,html,73b52976,Nate Nero,2026-04-03,22:58:14,-07:00,2026-04-03T22:58:14-07:00,4,21
contact/index.html,28,html,73b52976,Nate Nero,2026-04-03,22:58:14,-07:00,2026-04-03T22:58:14-07:00,2,5
contact/index.html,29,html,73b52976,Nate Nero,2026-04-03,22:58:14,-07:00,2026-04-03T22:58:14-07:00,0,5
contact/index.html,30,html,73b52976,Nate Nero,2026-04-03,22:58:14,-07:00,2026-04-03T22:58:14-07:00,0,5
